GAGE_ID,preexisting_max_lead_days,AGGECOREGION,BFI_AVE,record_years,quality_tier,log_area,snow_fraction,aridity,is_reference,spatial_group,reference_group,record_group,stratum,coverage_stratum,role
09510200,30,WestMnts,30.1,45.99863107460643,TIER1_HIGH_QUALITY,2.6287045729538097,0.021,1.5591064731778903,True,WestMnts,reference,medium,WestMnts|TIER1_HIGH_QUALITY|reference|medium,day30_coverage,candidate_screening
11160500,30,WestMnts,42.1,45.99863107460643,TIER1_HIGH_QUALITY,2.440608433654785,0.0069999999999999,0.5920188583936691,False,WestMnts,nonreference,long,WestMnts|TIER1_HIGH_QUALITY|nonreference|long,day30_coverage,candidate_screening
11161000,30,WestMnts,42.0,38.25051334702259,TIER1_HIGH_QUALITY,2.474619766408698,0.006,0.5954295387219636,False,WestMnts,nonreference,short,WestMnts|TIER1_HIGH_QUALITY|nonreference|short,day30_coverage,candidate_screening
11162500,30,WestMnts,35.8,45.99863107460643,TIER1_HIGH_QUALITY,2.0750759162154577,0.01,0.7253139887397141,True,WestMnts,reference,long,WestMnts|TIER1_HIGH_QUALITY|reference|long,day30_coverage,candidate_screening
11164500,30,WestMnts,25.1,45.99863107460643,TIER1_HIGH_QUALITY,1.9896682448913088,0.003,0.8237240075614367,False,WestMnts,nonreference,long,WestMnts|TIER1_HIGH_QUALITY|nonreference|long,day30_coverage,candidate_screening
11203580,30,WestMnts,66.6,25.94113620807666,TIER2_ACCEPTABLE_QUALITY,1.7153882144816328,0.445,0.5684876481221129,True,WestMnts,reference,short,WestMnts|TIER2_ACCEPTABLE_QUALITY|reference|short,day30_coverage,candidate_screening
11237500,30,WestMnts,58.7,44.747433264887064,TIER1_HIGH_QUALITY,1.776874721855937,0.602,0.3717032499574612,True,WestMnts,reference,short,WestMnts|TIER1_HIGH_QUALITY|reference|short,day30_coverage,candidate_screening
11237700,30,WestMnts,58.7,37.99863107460643,TIER1_HIGH_QUALITY,1.778010081735877,0.602,0.3718515997277059,False,WestMnts,nonreference,short,WestMnts|TIER1_HIGH_QUALITY|nonreference|short,day30_coverage,candidate_screening
11269700,30,WestMnts,55.1,44.747433264887064,TIER1_HIGH_QUALITY,3.42908175442676,0.296,0.6188151976265672,False,WestMnts,nonreference,short,WestMnts|TIER1_HIGH_QUALITY|nonreference|short,day30_coverage,candidate_screening
11270900,30,WestMnts,54.6,44.747433264887064,TIER1_HIGH_QUALITY,3.439226871010278,0.29,0.6317983519146874,False,WestMnts,nonreference,medium,WestMnts|TIER1_HIGH_QUALITY|nonreference|medium,day30_coverage,candidate_screening
11278000,30,WestMnts,57.1,45.99863107460643,TIER1_HIGH_QUALITY,2.317467859953519,0.451,0.3972560505626637,False,WestMnts,nonreference,long,WestMnts|TIER1_HIGH_QUALITY|nonreference|long,day30_coverage,candidate_screening
11295230,30,WestMnts,65.0,34.6611909650924,TIER1_HIGH_QUALITY,1.882945536869922,0.373,0.4137193491711863,False,WestMnts,nonreference,short,WestMnts|TIER1_HIGH_QUALITY|nonreference|short,day30_coverage,candidate_screening
11317000,30,WestMnts,64.3,44.747433264887064,TIER1_HIGH_QUALITY,2.2496141023445815,0.239,0.5116731517509727,False,WestMnts,nonreference,medium,WestMnts|TIER1_HIGH_QUALITY|nonreference|medium,day30_coverage,candidate_screening
11376025,30,WestMnts,64.7,42.99520876112252,TIER2_ACCEPTABLE_QUALITY,1.8326379045559609,0.371,0.4629025512337933,False,WestMnts,nonreference,short,WestMnts|TIER2_ACCEPTABLE_QUALITY|nonreference|short,day30_coverage,candidate_screening
11381500,30,WestMnts,65.0,45.99863107460643,TIER1_HIGH_QUALITY,2.5284410287581305,0.282,0.4362360136215165,True,WestMnts,reference,long,WestMnts|TIER1_HIGH_QUALITY|reference|long,day30_coverage,candidate_screening
11383500,30,WestMnts,64.2,45.99863107460643,TIER1_HIGH_QUALITY,2.732212766079193,0.325,0.408695652173913,True,WestMnts,reference,long,WestMnts|TIER1_HIGH_QUALITY|reference|long,day30_coverage,candidate_screening
11390000,30,WestMnts,56.7,45.99863107460643,TIER1_HIGH_QUALITY,2.583572809143774,0.222,0.3634701108698137,False,WestMnts,nonreference,long,WestMnts|TIER1_HIGH_QUALITY|nonreference|long,day30_coverage,candidate_screening
11395030,30,WestMnts,58.6,44.747433264887064,TIER1_HIGH_QUALITY,1.8271675895070656,0.357,0.3036003553326017,False,WestMnts,nonreference,medium,WestMnts|TIER1_HIGH_QUALITY|nonreference|medium,day30_coverage,candidate_screening
11402000,30,WestMnts,64.0,45.99863107460643,TIER1_HIGH_QUALITY,2.6766945239280764,0.373,0.4900024890068863,False,WestMnts,nonreference,long,WestMnts|TIER1_HIGH_QUALITY|nonreference|long,day30_coverage,candidate_screening
11405200,30,WestMnts,60.0,38.09445585215606,TIER2_ACCEPTABLE_QUALITY,2.074692129822199,0.373,0.2438804125671372,False,WestMnts,nonreference,short,WestMnts|TIER2_ACCEPTABLE_QUALITY|nonreference|short,day30_coverage,candidate_screening
11409400,30,WestMnts,58.6,44.7501711156742,TIER1_HIGH_QUALITY,1.8760381949524203,0.1989999999999999,0.3807388174200401,False,WestMnts,nonreference,medium,WestMnts|TIER1_HIGH_QUALITY|nonreference|medium,day30_coverage,candidate_screening
11413300,30,WestMnts,58.6,44.747433264887064,TIER1_HIGH_QUALITY,2.1064322938133877,0.317,0.3114234386558174,False,WestMnts,nonreference,medium,WestMnts|TIER1_HIGH_QUALITY|nonreference|medium,day30_coverage,candidate_screening
11461000,30,WestMnts,36.0,42.7460643394935,TIER1_HIGH_QUALITY,2.414381636419584,0.03,0.6162731871838111,False,WestMnts,nonreference,short,WestMnts|TIER1_HIGH_QUALITY|nonreference|short,day30_coverage,candidate_screening
11467200,30,WestMnts,36.0,22.250513347022583,TIER2_ACCEPTABLE_QUALITY,2.21115526206114,0.006,0.4312880792664163,True,WestMnts,reference,short,WestMnts|TIER2_ACCEPTABLE_QUALITY|reference|short,day30_coverage,candidate_screening
11468900,30,WestMnts,30.9,24.528405201916495,TIER2_ACCEPTABLE_QUALITY,2.264052412982453,0.0139999999999999,0.3539650820361801,True,WestMnts,reference,short,WestMnts|TIER2_ACCEPTABLE_QUALITY|reference|short,day30_coverage,candidate_screening
11473900,30,WestMnts,32.5,45.99863107460643,TIER1_HIGH_QUALITY,3.28443298991389,0.151,0.4580195258019525,True,WestMnts,reference,long,WestMnts|TIER1_HIGH_QUALITY|reference|long,day30_coverage,candidate_screening
11475800,30,WestMnts,28.1,45.99863107460643,TIER2_ACCEPTABLE_QUALITY,2.8076080808092088,0.072,0.3182851889485653,True,WestMnts,reference,long,WestMnts|TIER2_ACCEPTABLE_QUALITY|reference|long,day30_coverage,candidate_screening
11476600,30,WestMnts,33.2,45.99863107460643,TIER1_HIGH_QUALITY,1.856392317679092,0.0139999999999999,0.3729889923793395,True,WestMnts,reference,long,WestMnts|TIER1_HIGH_QUALITY|reference|long,day30_coverage,candidate_screening
09404208,30,WestXeric,32.7,32.63791923340178,TIER1_HIGH_QUALITY,2.891563102032453,0.123,2.6288693385467576,True,WestXeric,reference,short,WestXeric|TIER1_HIGH_QUALITY|reference|short,day30_coverage,candidate_screening
09404222,30,WestXeric,23.6,27.76728268309377,TIER2_ACCEPTABLE_QUALITY,2.8229855360519203,0.083,2.7251767599139254,True,WestXeric,reference,short,WestXeric|TIER2_ACCEPTABLE_QUALITY|reference|short,day30_coverage,candidate_screening
09480000,30,WestXeric,23.7,45.99863107460643,TIER2_ACCEPTABLE_QUALITY,2.329155746098212,0.0289999999999999,1.51578106272473,True,WestXeric,reference,medium,WestXeric|TIER2_ACCEPTABLE_QUALITY|reference|medium,day30_coverage,candidate_screening
09484600,30,WestXeric,16.5,36.24914442162902,TIER1_HIGH_QUALITY,3.071731082154406,0.006,1.767816566825036,True,WestXeric,reference,short,WestXeric|TIER1_HIGH_QUALITY|reference|short,day30_coverage,candidate_screening
10261500,30,WestXeric,38.4,45.99863107460643,TIER1_HIGH_QUALITY,3.132227660733367,0.102,2.1087496549820592,False,WestXeric,nonreference,medium,WestXeric|TIER1_HIGH_QUALITY|nonreference|medium,day30_coverage,candidate_screening
10263500,30,WestXeric,51.8,45.99863107460643,TIER1_HIGH_QUALITY,1.774253389445695,0.241,0.9342806394316164,True,WestXeric,reference,medium,WestXeric|TIER1_HIGH_QUALITY|reference|medium,day30_coverage,candidate_screening
11023340,30,WestXeric,24.2,45.99863107460643,TIER1_HIGH_QUALITY,2.0398303664008983,0.0,2.1573552024602765,False,WestXeric,nonreference,medium,WestXeric|TIER1_HIGH_QUALITY|nonreference|medium,day30_coverage,candidate_screening
11044300,30,WestXeric,29.0,36.24914442162902,TIER1_HIGH_QUALITY,3.205077089436009,0.017,1.9737417943107216,False,WestXeric,nonreference,short,WestXeric|TIER1_HIGH_QUALITY|nonreference|short,day30_coverage,candidate_screening
11044350,30,WestXeric,28.3,36.24914442162902,TIER1_HIGH_QUALITY,1.7352794480604568,0.0,1.7939267015706806,False,WestXeric,nonreference,short,WestXeric|TIER1_HIGH_QUALITY|nonreference|short,day30_coverage,candidate_screening
11047300,30,WestXeric,23.9,42.25051334702259,TIER2_ACCEPTABLE_QUALITY,2.1457773564461085,0.0,1.7334044823906083,False,WestXeric,nonreference,short,WestXeric|TIER2_ACCEPTABLE_QUALITY|nonreference|short,day30_coverage,candidate_screening
11066460,30,WestXeric,31.9,45.99863107460643,TIER1_HIGH_QUALITY,3.329619546895818,0.121,1.2159844685326,False,WestXeric,nonreference,medium,WestXeric|TIER1_HIGH_QUALITY|nonreference|medium,day30_coverage,candidate_screening
11073300,30,WestXeric,50.0,27.033538672142367,TIER2_ACCEPTABLE_QUALITY,1.9221600402781556,0.053,0.7555629359016939,False,WestXeric,nonreference,short,WestXeric|TIER2_ACCEPTABLE_QUALITY|nonreference|short,day30_coverage,candidate_screening
11098000,30,WestXeric,38.0,45.99863107460643,TIER1_HIGH_QUALITY,1.6187434573982042,0.04,0.9847812301838936,True,WestXeric,reference,medium,WestXeric|TIER1_HIGH_QUALITY|reference|medium,day30_coverage,candidate_screening
11109395,30,WestXeric,52.9,35.997262149212865,TIER2_ACCEPTABLE_QUALITY,2.205556205693917,0.064,1.7842198134610534,False,WestXeric,nonreference,short,WestXeric|TIER2_ACCEPTABLE_QUALITY|nonreference|short,day30_coverage,candidate_screening
11111500,30,WestXeric,40.2,45.99863107460643,TIER2_ACCEPTABLE_QUALITY,2.108994370618867,0.141,0.649482109227872,True,WestXeric,reference,medium,WestXeric|TIER2_ACCEPTABLE_QUALITY|reference|medium,day30_coverage,candidate_screening
11113000,30,WestXeric,44.6,45.99863107460643,TIER2_ACCEPTABLE_QUALITY,2.812886630006218,0.077,0.970734562481709,False,WestXeric,nonreference,medium,WestXeric|TIER2_ACCEPTABLE_QUALITY|nonreference|medium,day30_coverage,candidate_screening
11114495,30,WestXeric,38.6,23.679671457905545,TIER2_ACCEPTABLE_QUALITY,2.094534014681175,0.038,0.6864099660249151,True,WestXeric,reference,short,WestXeric|TIER2_ACCEPTABLE_QUALITY|reference|short,day30_coverage,candidate_screening
11120000,30,WestXeric,16.5,45.99863107460643,TIER1_HIGH_QUALITY,1.692888320631658,0.0,1.3059033989266546,False,WestXeric,nonreference,medium,WestXeric|TIER1_HIGH_QUALITY|nonreference|medium,day30_coverage,candidate_screening
11141280,30,WestXeric,40.1,45.99863107460643,TIER1_HIGH_QUALITY,1.7324516618938366,0.01,1.03276631344116,True,WestXeric,reference,medium,WestXeric|TIER1_HIGH_QUALITY|reference|medium,day30_coverage,candidate_screening
11143000,30,WestXeric,40.3,45.99863107460643,TIER1_HIGH_QUALITY,2.0813941197775354,0.034,0.5500602098744194,True,WestXeric,reference,long,WestXeric|TIER1_HIGH_QUALITY|reference|long,day30_coverage,candidate_screening
11151300,30,WestXeric,32.7,45.99863107460643,TIER1_HIGH_QUALITY,2.7840649811076568,0.0279999999999999,1.5714890016920473,True,WestXeric,reference,long,WestXeric|TIER1_HIGH_QUALITY|reference|long,day30_coverage,candidate_screening
11151700,30,WestXeric,32.2,42.25051334702259,TIER1_HIGH_QUALITY,4.013869028609415,0.0139999999999999,1.7029857397504455,False,WestXeric,nonreference,short,WestXeric|TIER1_HIGH_QUALITY|nonreference|short,day30_coverage,candidate_screening
11152000,30,WestXeric,38.3,45.99863107460643,TIER1_HIGH_QUALITY,2.7959620044029236,0.0289999999999999,0.8206205958709358,False,WestXeric,nonreference,long,WestXeric|TIER1_HIGH_QUALITY|nonreference|long,day30_coverage,candidate_screening
11172945,30,WestXeric,29.5,31.249828884325805,TIER1_HIGH_QUALITY,1.9399338807380333,0.0409999999999999,1.268034626482847,True,WestXeric,reference,short,WestXeric|TIER1_HIGH_QUALITY|reference|short,day30_coverage,candidate_screening
11180825,30,WestXeric,24.4,45.24845995893224,TIER1_HIGH_QUALITY,1.6676574434309857,0.01,1.0538957234915056,False,WestXeric,nonreference,medium,WestXeric|TIER1_HIGH_QUALITY|nonreference|medium,day30_coverage,candidate_screening
11204100,30,WestXeric,65.9,25.32785763175907,TIER2_ACCEPTABLE_QUALITY,2.396455662162144,0.252,0.8808718526869599,True,WestXeric,reference,short,WestXeric|TIER2_ACCEPTABLE_QUALITY|reference|short,day30_coverage,candidate_screening
11449500,30,WestXeric,33.3,45.99863107460643,TIER1_HIGH_QUALITY,1.9792491820723603,0.013,0.521856267259379,True,WestXeric,reference,long,WestXeric|TIER1_HIGH_QUALITY|reference|long,day30_coverage,candidate_screening
11451100,30,WestXeric,40.7,45.99863107460643,TIER1_HIGH_QUALITY,2.1905949969284055,0.0289999999999999,0.578827546955037,True,WestXeric,reference,long,WestXeric|TIER1_HIGH_QUALITY|reference|long,day30_coverage,candidate_screening
11456000,30,WestXeric,28.5,45.99863107460643,TIER2_ACCEPTABLE_QUALITY,2.3270154504832203,0.015,0.712083492914592,False,WestXeric,nonreference,long,WestXeric|TIER2_ACCEPTABLE_QUALITY|nonreference|long,day30_coverage,candidate_screening
11458000,30,WestXeric,26.8,45.99863107460643,TIER1_HIGH_QUALITY,2.7530688011064965,0.0139999999999999,0.7833559004270388,False,WestXeric,nonreference,long,WestXeric|TIER1_HIGH_QUALITY|nonreference|long,day30_coverage,candidate_screening
11460400,30,WestXeric,24.0,43.0280629705681,TIER1_HIGH_QUALITY,1.949030222788936,0.002,0.6002902014339365,False,WestXeric,nonreference,short,WestXeric|TIER1_HIGH_QUALITY|nonreference|short,day30_coverage,candidate_screening
11461500,30,WestXeric,37.3,45.99863107460643,TIER1_HIGH_QUALITY,2.377812390020883,0.02,0.6654434250764526,False,WestXeric,nonreference,long,WestXeric|TIER1_HIGH_QUALITY|nonreference|long,day30_coverage,candidate_screening
11462500,30,WestXeric,36.1,45.99863107460643,TIER1_HIGH_QUALITY,2.9725309817431325,0.02,0.6549576051219934,False,WestXeric,nonreference,long,WestXeric|TIER1_HIGH_QUALITY|nonreference|long,day30_coverage,candidate_screening
11463200,30,WestXeric,31.1,36.24914442162902,TIER2_ACCEPTABLE_QUALITY,2.3441406637381643,0.011,0.606760477210156,False,WestXeric,nonreference,short,WestXeric|TIER2_ACCEPTABLE_QUALITY|nonreference|short,day30_coverage,candidate_screening
11465200,30,WestXeric,33.8,44.48733744010951,TIER1_HIGH_QUALITY,2.6248593958396502,0.005,0.5798621516332035,False,WestXeric,nonreference,short,WestXeric|TIER1_HIGH_QUALITY|nonreference|short,day30_coverage,candidate_screening
11467000,30,WestXeric,33.6,45.99863107460643,TIER1_HIGH_QUALITY,3.5397283057269675,0.011,0.6602987148315388,False,WestXeric,nonreference,long,WestXeric|TIER1_HIGH_QUALITY|nonreference|long,day30_coverage,candidate_screening
06479215,7,CntlPlains,29.4,41.568788501026695,TIER1_HIGH_QUALITY,2.2437348422639856,0.155,1.0474477560808495,True,CntlPlains,reference,short,CntlPlains|TIER1_HIGH_QUALITY|reference|short,day7plus_coverage,candidate_screening
06479525,7,CntlPlains,28.4,45.99863107460643,TIER1_HIGH_QUALITY,3.392084641328435,0.155,1.079951856946355,False,CntlPlains,nonreference,short,CntlPlains|TIER1_HIGH_QUALITY|nonreference|short,day7plus_coverage,candidate_screening
06803530,7,CntlPlains,37.9,45.99863107460643,TIER1_HIGH_QUALITY,2.4910057066892817,0.107,0.980449141347424,True,CntlPlains,reference,short,CntlPlains|TIER1_HIGH_QUALITY|reference|short,day7plus_coverage,candidate_screening
06821150,7,CntlPlains,21.1,45.99863107460643,TIER1_HIGH_QUALITY,2.7791222598824605,0.1009999999999999,0.7692775974025974,False,CntlPlains,nonreference,medium,CntlPlains|TIER1_HIGH_QUALITY|nonreference|medium,day7plus_coverage,candidate_screening
06889500,7,CntlPlains,18.6,45.99863107460643,TIER1_HIGH_QUALITY,2.874238799935932,0.08,0.8628213437027435,True,CntlPlains,reference,medium,CntlPlains|TIER1_HIGH_QUALITY|reference|medium,day7plus_coverage,candidate_screening
06910800,7,CntlPlains,19.9,45.99863107460643,TIER1_HIGH_QUALITY,2.647966527890994,0.075,0.8555555555555555,True,CntlPlains,reference,medium,CntlPlains|TIER1_HIGH_QUALITY|reference|medium,day7plus_coverage,candidate_screening
07165562,7,CntlPlains,8.5,37.946611909650926,TIER1_HIGH_QUALITY,1.6667238472412436,0.04,0.8485762775787291,False,CntlPlains,nonreference,short,CntlPlains|TIER1_HIGH_QUALITY|nonreference|short,day7plus_coverage,candidate_screening
07191000,7,CntlPlains,29.1,45.99863107460643,TIER1_HIGH_QUALITY,3.066769313055323,0.05,0.7743521000893655,False,CntlPlains,nonreference,medium,CntlPlains|TIER1_HIGH_QUALITY|nonreference|medium,day7plus_coverage,candidate_screening
07195800,7,EastHghlnds,44.9,45.99863107460643,TIER1_HIGH_QUALITY,1.5824576869440488,0.0579999999999999,0.6765848417224565,True,EastHghlnds,reference,medium,EastHghlnds|TIER1_HIGH_QUALITY|reference|medium,day7plus_coverage,candidate_screening
07334000,7,EastHghlnds,18.9,45.99863107460643,TIER1_HIGH_QUALITY,3.450873919501615,0.024,0.8255151249451995,False,EastHghlnds,nonreference,medium,EastHghlnds|TIER1_HIGH_QUALITY|nonreference|medium,day7plus_coverage,candidate_screening
02298608,7,SECstPlain,28.6,45.99863107460643,TIER1_HIGH_QUALITY,2.4946289964141046,0.0,0.8639851024208567,True,SECstPlain,reference,short,SECstPlain|TIER1_HIGH_QUALITY|reference|short,day7plus_coverage,candidate_screening
02298830,7,SECstPlain,27.8,45.99863107460643,TIER1_HIGH_QUALITY,2.769796646140741,0.0,0.842089985486212,False,SECstPlain,nonreference,short,SECstPlain|TIER1_HIGH_QUALITY|nonreference|short,day7plus_coverage,candidate_screening
02300700,7,SECstPlain,35.8,45.99863107460643,TIER1_HIGH_QUALITY,1.8682975695392687,0.0,0.8735658212560387,True,SECstPlain,reference,short,SECstPlain|TIER1_HIGH_QUALITY|reference|short,day7plus_coverage,candidate_screening
02310000,7,SECstPlain,31.5,45.99863107460643,TIER1_HIGH_QUALITY,2.2494894206419156,0.0,0.8697102988017593,False,SECstPlain,nonreference,short,SECstPlain|TIER1_HIGH_QUALITY|nonreference|short,day7plus_coverage,candidate_screening
08075400,7,SECstPlain,20.7,45.99863107460643,TIER2_ACCEPTABLE_QUALITY,1.7028181263703168,0.0,0.8521011033727209,False,SECstPlain,nonreference,medium,SECstPlain|TIER2_ACCEPTABLE_QUALITY|nonreference|medium,day7plus_coverage,candidate_screening
08117500,7,SECstPlain,12.2,45.99863107460643,TIER1_HIGH_QUALITY,3.2716325374871227,0.0,0.9523642424774104,False,SECstPlain,nonreference,medium,SECstPlain|TIER1_HIGH_QUALITY|nonreference|medium,day7plus_coverage,candidate_screening
08164503,7,SECstPlain,11.6,45.99863107460643,TIER1_HIGH_QUALITY,2.6482419058618443,0.0,0.9774682870575712,False,SECstPlain,nonreference,medium,SECstPlain|TIER1_HIGH_QUALITY|nonreference|medium,day7plus_coverage,candidate_screening
08164600,7,SECstPlain,15.8,45.99863107460643,TIER1_HIGH_QUALITY,2.404698619766896,0.0,1.0961820134752465,True,SECstPlain,reference,medium,SECstPlain|TIER1_HIGH_QUALITY|reference|medium,day7plus_coverage,candidate_screening
08018500,7,SEPlains,12.8,45.99863107460643,TIER1_HIGH_QUALITY,3.548792197607998,0.01,0.8939587515970068,False,SEPlains,nonreference,medium,SEPlains|TIER1_HIGH_QUALITY|nonreference|medium,day7plus_coverage,candidate_screening
08109700,7,SEPlains,25.5,45.921971252566735,TIER1_HIGH_QUALITY,2.7854181088516903,0.0,1.161557761535944,True,SEPlains,reference,short,SEPlains|TIER1_HIGH_QUALITY|reference|short,day7plus_coverage,candidate_screening
08110100,7,SEPlains,17.8,45.9958932238193,TIER1_HIGH_QUALITY,2.7025666629826404,0.0,1.0874122316067976,False,SEPlains,nonreference,short,SEPlains|TIER1_HIGH_QUALITY|nonreference|short,day7plus_coverage,candidate_screening
08175000,7,SEPlains,24.5,45.99863107460643,TIER1_HIGH_QUALITY,3.1527957442281926,0.0,1.2315672058003346,True,SEPlains,reference,medium,SEPlains|TIER1_HIGH_QUALITY|reference|medium,day7plus_coverage,candidate_screening
08176900,7,SEPlains,16.2,45.99863107460643,TIER1_HIGH_QUALITY,2.9663468590871545,0.0,1.2333846830985915,True,SEPlains,reference,medium,SEPlains|TIER1_HIGH_QUALITY|reference|medium,day7plus_coverage,candidate_screening
08186000,7,SEPlains,32.2,45.99863107460643,TIER1_HIGH_QUALITY,3.3296967988962853,0.0,1.2286469709161971,False,SEPlains,nonreference,medium,SEPlains|TIER1_HIGH_QUALITY|nonreference|medium,day7plus_coverage,candidate_screening
08189500,7,SEPlains,13.9,45.96577686516085,TIER1_HIGH_QUALITY,3.2572656789268364,0.0,1.3314198687910028,True,SEPlains,reference,short,SEPlains|TIER1_HIGH_QUALITY|reference|short,day7plus_coverage,candidate_screening
06404000,7,WestMnts,60.1,45.99863107460643,TIER1_HIGH_QUALITY,2.181349010744661,0.133,1.0339130434782609,True,WestMnts,reference,short,WestMnts|TIER1_HIGH_QUALITY|reference|short,day7plus_coverage,candidate_screening
07218000,7,WestMnts,56.6,45.99863107460643,TIER1_HIGH_QUALITY,2.7968981988810584,0.147,0.8452922646132307,False,WestMnts,nonreference,medium,WestMnts|TIER1_HIGH_QUALITY|nonreference|medium,day7plus_coverage,candidate_screening
08481500,14,WestMnts,39.0,45.99863107460643,TIER2_ACCEPTABLE_QUALITY,2.526486602312139,0.141,0.8011322398025839,False,WestMnts,nonreference,medium,WestMnts|TIER2_ACCEPTABLE_QUALITY|nonreference|medium,day7plus_coverage,candidate_screening
09384000,14,WestMnts,53.6,45.99863107460643,TIER1_HIGH_QUALITY,3.292648088881809,0.2239999999999999,1.112682090831191,False,WestMnts,nonreference,medium,WestMnts|TIER1_HIGH_QUALITY|nonreference|medium,day7plus_coverage,candidate_screening
09408400,14,WestMnts,68.3,45.97672826830938,TIER1_HIGH_QUALITY,1.687383577539109,0.424,0.7384090556675453,False,WestMnts,nonreference,short,WestMnts|TIER1_HIGH_QUALITY|nonreference|short,day7plus_coverage,candidate_screening
09430500,14,WestMnts,54.0,45.99863107460643,TIER1_HIGH_QUALITY,3.681687065087774,0.13,1.1308465403942791,True,WestMnts,reference,medium,WestMnts|TIER1_HIGH_QUALITY|reference|medium,day7plus_coverage,candidate_screening
09439000,7,WestMnts,49.4,22.25325119780972,TIER2_ACCEPTABLE_QUALITY,3.9675198959264786,0.096,1.404147270418959,False,WestMnts,nonreference,short,WestMnts|TIER2_ACCEPTABLE_QUALITY|nonreference|short,day7plus_coverage,candidate_screening
09442000,14,WestMnts,49.0,45.99863107460643,TIER2_ACCEPTABLE_QUALITY,4.015858320895467,0.09,1.479410489813611,False,WestMnts,nonreference,medium,WestMnts|TIER2_ACCEPTABLE_QUALITY|nonreference|medium,day7plus_coverage,candidate_screening
09492400,14,WestMnts,61.3,45.99863107460643,TIER1_HIGH_QUALITY,2.1104752299997505,0.387,0.4973008703316073,True,WestMnts,reference,medium,WestMnts|TIER1_HIGH_QUALITY|reference|medium,day7plus_coverage,candidate_screening
10351650,10,WestMnts,67.5,45.99863107460643,TIER2_ACCEPTABLE_QUALITY,3.677566805996869,0.473,0.7923849497826414,False,WestMnts,nonreference,long,WestMnts|TIER2_ACCEPTABLE_QUALITY|nonreference|long,day7plus_coverage,candidate_screening
11162570,21,WestMnts,28.5,45.99863107460643,TIER2_ACCEPTABLE_QUALITY,2.1205838014228227,0.004,0.7313919496289634,True,WestMnts,reference,long,WestMnts|TIER2_ACCEPTABLE_QUALITY|reference|long,day7plus_coverage,candidate_screening
11278400,21,WestMnts,58.1,45.99863107460643,TIER1_HIGH_QUALITY,2.7856806886268437,0.479,0.3947469472390753,False,WestMnts,nonreference,long,WestMnts|TIER1_HIGH_QUALITY|nonreference|long,day7plus_coverage,candidate_screening
11292900,14,WestMnts,63.6,44.7501711156742,TIER1_HIGH_QUALITY,2.9103319312739084,0.611,0.3696538492285554,False,WestMnts,nonreference,short,WestMnts|TIER1_HIGH_QUALITY|nonreference|short,day7plus_coverage,candidate_screening
11481200,21,WestMnts,40.0,45.99863107460643,TIER1_HIGH_QUALITY,2.0228570923278077,0.0289999999999999,0.3443010257001268,True,WestMnts,reference,long,WestMnts|TIER1_HIGH_QUALITY|reference|long,day7plus_coverage,candidate_screening
11525670,14,WestMnts,59.1,21.248459958932237,TIER2_ACCEPTABLE_QUALITY,1.9389677979342193,0.2319999999999999,0.6175211882185113,True,WestMnts,reference,short,WestMnts|TIER2_ACCEPTABLE_QUALITY|reference|short,day7plus_coverage,candidate_screening
14111400,7,WestMnts,74.3,29.248459958932237,TIER2_ACCEPTABLE_QUALITY,3.2938065678165303,0.489,0.5331187707641196,False,WestMnts,nonreference,short,WestMnts|TIER2_ACCEPTABLE_QUALITY|nonreference|short,day7plus_coverage,candidate_screening
14166500,14,WestMnts,39.6,45.99863107460643,TIER1_HIGH_QUALITY,2.355116139076884,0.089,0.4213914174252275,True,WestMnts,reference,long,WestMnts|TIER1_HIGH_QUALITY|reference|long,day7plus_coverage,candidate_screening
14191000,7,WestMnts,54.1,45.99863107460643,TIER1_HIGH_QUALITY,4.274661154303051,0.205,0.3482893334911802,False,WestMnts,nonreference,long,WestMnts|TIER1_HIGH_QUALITY|nonreference|long,day7plus_coverage,candidate_screening
14307620,10,WestMnts,40.5,45.99863107460643,TIER2_ACCEPTABLE_QUALITY,3.1845125668505294,0.073,0.3795990566037736,True,WestMnts,reference,long,WestMnts|TIER2_ACCEPTABLE_QUALITY|reference|long,day7plus_coverage,candidate_screening
14308990,14,WestMnts,46.7,40.24914442162902,TIER1_HIGH_QUALITY,2.2246780621959723,0.157,0.5085592595626177,True,WestMnts,reference,short,WestMnts|TIER1_HIGH_QUALITY|reference|short,day7plus_coverage,candidate_screening
14316495,7,WestMnts,69.4,28.249144421629023,TIER2_ACCEPTABLE_QUALITY,1.8975787114889753,0.312,0.374611364688761,True,WestMnts,reference,short,WestMnts|TIER2_ACCEPTABLE_QUALITY|reference|short,day7plus_coverage,candidate_screening
06449100,7,WestPlains,67.4,45.99863107460643,TIER1_HIGH_QUALITY,3.217591846406965,0.118,1.3535249121356214,False,WestPlains,nonreference,short,WestPlains|TIER1_HIGH_QUALITY|nonreference|short,day7plus_coverage,candidate_screening
06865500,7,WestPlains,21.9,45.99863107460643,TIER1_HIGH_QUALITY,4.30263608327597,0.077,1.4193367060146151,False,WestPlains,nonreference,medium,WestPlains|TIER1_HIGH_QUALITY|nonreference|medium,day7plus_coverage,candidate_screening
07160500,7,WestPlains,20.9,45.99863107460643,TIER2_ACCEPTABLE_QUALITY,3.028107432342324,0.0409999999999999,1.0955391640323149,False,WestPlains,nonreference,medium,WestPlains|TIER2_ACCEPTABLE_QUALITY|nonreference|medium,day7plus_coverage,candidate_screening
07301300,7,WestPlains,28.9,30.98425735797399,TIER2_ACCEPTABLE_QUALITY,3.552177685196806,0.036,1.4791593695271454,False,WestPlains,nonreference,short,WestPlains|TIER2_ACCEPTABLE_QUALITY|nonreference|short,day7plus_coverage,candidate_screening
07311900,10,WestPlains,19.6,29.248459958932237,TIER2_ACCEPTABLE_QUALITY,3.678673131469356,0.018,1.521555102680671,True,WestPlains,reference,short,WestPlains|TIER2_ACCEPTABLE_QUALITY|reference|short,day7plus_coverage,candidate_screening
08152900,10,WestPlains,53.1,45.99863107460643,TIER2_ACCEPTABLE_QUALITY,2.9808924235842835,0.0,1.184070357983401,True,WestPlains,reference,medium,WestPlains|TIER2_ACCEPTABLE_QUALITY|reference|medium,day7plus_coverage,candidate_screening
08164000,7,WestPlains,16.4,45.99863107460643,TIER1_HIGH_QUALITY,3.3271524677036677,0.0,1.0664483821263482,True,WestPlains,reference,medium,WestPlains|TIER1_HIGH_QUALITY|reference|medium,day7plus_coverage,candidate_screening
08198500,10,WestPlains,41.8,39.252566735112936,TIER1_HIGH_QUALITY,2.79542602926469,0.0,1.1605472404115995,True,WestPlains,reference,short,WestPlains|TIER1_HIGH_QUALITY|reference|short,day7plus_coverage,candidate_screening
08317200,7,WestXeric,63.6,45.99863107460643,TIER2_ACCEPTABLE_QUALITY,2.7719217075520697,0.136,1.53035538005923,False,WestXeric,nonreference,medium,WestXeric|TIER2_ACCEPTABLE_QUALITY|nonreference|medium,day7plus_coverage,candidate_screening
09306255,7,WestXeric,59.1,45.99315537303217,TIER2_ACCEPTABLE_QUALITY,2.831661851604877,0.262,1.2609519299076488,False,WestXeric,nonreference,short,WestXeric|TIER2_ACCEPTABLE_QUALITY|nonreference|short,day7plus_coverage,candidate_screening
09379200,14,WestXeric,43.6,45.99863107460643,TIER1_HIGH_QUALITY,3.9843373523530623,0.185,2.598828125,False,WestXeric,nonreference,medium,WestXeric|TIER1_HIGH_QUALITY|nonreference|medium,day7plus_coverage,candidate_screening
09404450,14,WestXeric,77.9,45.99863107460643,TIER1_HIGH_QUALITY,2.2854672904600575,0.375,1.1107973061047145,True,WestXeric,reference,medium,WestXeric|TIER1_HIGH_QUALITY|reference|medium,day7plus_coverage,candidate_screening
09484550,21,WestXeric,19.5,24.369609856262834,TIER2_ACCEPTABLE_QUALITY,2.711145585732753,0.01,1.6118957628804451,True,WestXeric,reference,short,WestXeric|TIER2_ACCEPTABLE_QUALITY|reference|short,day7plus_coverage,candidate_screening
10320000,10,WestXeric,62.8,45.99863107460643,TIER2_ACCEPTABLE_QUALITY,3.4595357209973416,0.3989999999999999,1.359570661896243,False,WestXeric,nonreference,long,WestXeric|TIER2_ACCEPTABLE_QUALITY|nonreference|long,day7plus_coverage,candidate_screening
10329500,14,WestXeric,64.7,45.99863107460643,TIER1_HIGH_QUALITY,2.657552998005808,0.419,0.9915673693858844,True,WestXeric,reference,long,WestXeric|TIER1_HIGH_QUALITY|reference|long,day7plus_coverage,candidate_screening
11022200,30,WestXeric,29.2,42.25051334702259,TIER1_HIGH_QUALITY,1.499933021551327,0.0,1.9874715261958995,False,WestXeric,nonreference,short,WestXeric|TIER1_HIGH_QUALITY|nonreference|short,day7plus_coverage,candidate_screening
11463000,30,WestXeric,34.8,45.99863107460643,TIER1_HIGH_QUALITY,3.1148310777293595,0.018,0.6583044982698962,False,WestXeric,nonreference,long,WestXeric|TIER1_HIGH_QUALITY|nonreference|long,day7plus_coverage,candidate_screening
13083000,10,WestXeric,76.9,44.49555099247091,TIER1_HIGH_QUALITY,2.124452054195514,0.3429999999999999,1.0017513134851137,True,WestXeric,reference,short,WestXeric|TIER1_HIGH_QUALITY|reference|short,day7plus_coverage,candidate_screening
03237500,1,CntlPlains,22.4,45.99863107460643,TIER1_HIGH_QUALITY,3.0013918525567904,0.135,0.6682162063622278,True,CntlPlains,reference,medium,CntlPlains|TIER1_HIGH_QUALITY|reference|medium,broad_coverage,candidate_screening
03339000,2,CntlPlains,34.3,45.99863107460643,TIER1_HIGH_QUALITY,3.523929768009537,0.168,0.7462275693311583,False,CntlPlains,nonreference,medium,CntlPlains|TIER1_HIGH_QUALITY|nonreference|medium,broad_coverage,candidate_screening
04114000,1,CntlPlains,56.5,45.99863107460643,TIER2_ACCEPTABLE_QUALITY,3.562034590680981,0.213,0.7594623275557127,False,CntlPlains,nonreference,medium,CntlPlains|TIER2_ACCEPTABLE_QUALITY|nonreference|medium,broad_coverage,candidate_screening
05062500,3,CntlPlains,56.0,45.99863107460643,TIER2_ACCEPTABLE_QUALITY,3.3814851116703606,0.182,0.9277283751010508,True,CntlPlains,reference,medium,CntlPlains|TIER2_ACCEPTABLE_QUALITY|reference|medium,broad_coverage,candidate_screening
05389400,3,CntlPlains,54.3,34.25051334702259,TIER1_HIGH_QUALITY,1.9487752157967504,0.17,0.7646516983304549,True,CntlPlains,reference,short,CntlPlains|TIER1_HIGH_QUALITY|reference|short,broad_coverage,candidate_screening
05411850,2,CntlPlains,49.2,25.25667351129363,TIER2_ACCEPTABLE_QUALITY,3.2212107369009275,0.171,0.7281355932203389,True,CntlPlains,reference,short,CntlPlains|TIER2_ACCEPTABLE_QUALITY|reference|short,broad_coverage,candidate_screening
05463000,5,CntlPlains,45.3,45.99315537303217,TIER1_HIGH_QUALITY,2.9556906359815396,0.151,0.7630018248175182,False,CntlPlains,nonreference,short,CntlPlains|TIER1_HIGH_QUALITY|nonreference|short,broad_coverage,candidate_screening
05560500,3,CntlPlains,25.9,45.99863107460643,TIER2_ACCEPTABLE_QUALITY,1.8522048126379704,0.16,0.7686606670195871,False,CntlPlains,nonreference,long,CntlPlains|TIER2_ACCEPTABLE_QUALITY|nonreference|long,broad_coverage,candidate_screening
06466500,5,CntlPlains,59.5,45.99863107460643,TIER2_ACCEPTABLE_QUALITY,3.0727350361268986,0.128,1.089172932330827,True,CntlPlains,reference,long,CntlPlains|TIER2_ACCEPTABLE_QUALITY|reference|long,broad_coverage,candidate_screening
06799350,5,CntlPlains,62.5,45.99863107460643,TIER1_HIGH_QUALITY,4.0831584878931615,0.125,1.055741190765492,False,CntlPlains,nonreference,long,CntlPlains|TIER1_HIGH_QUALITY|nonreference|long,broad_coverage,candidate_screening
06803510,7,CntlPlains,37.1,45.99863107460643,TIER1_HIGH_QUALITY,2.054145572649441,0.1,1.000533191149027,True,CntlPlains,reference,long,CntlPlains|TIER1_HIGH_QUALITY|reference|long,broad_coverage,candidate_screening
06901500,2,CntlPlains,19.1,25.464750171115675,TIER2_ACCEPTABLE_QUALITY,3.1573056303279663,0.1169999999999999,0.7679925225880153,False,CntlPlains,nonreference,short,CntlPlains|TIER2_ACCEPTABLE_QUALITY|nonreference|short,broad_coverage,candidate_screening
01470779,3,EastHghlnds,57.1,45.99863107460643,TIER1_HIGH_QUALITY,2.2532410537726504,0.184,0.5931620994759901,False,EastHghlnds,nonreference,medium,EastHghlnds|TIER1_HIGH_QUALITY|nonreference|medium,broad_coverage,candidate_screening
01613900,3,EastHghlnds,41.7,45.99863107460643,TIER2_ACCEPTABLE_QUALITY,1.617811524933905,0.143,0.6908265034067346,True,EastHghlnds,reference,medium,EastHghlnds|TIER2_ACCEPTABLE_QUALITY|reference|medium,broad_coverage,candidate_screening
02032250,2,EastHghlnds,44.9,45.99863107460643,TIER2_ACCEPTABLE_QUALITY,2.300251911948508,0.095,0.547007231881828,False,EastHghlnds,nonreference,medium,EastHghlnds|TIER2_ACCEPTABLE_QUALITY|nonreference|medium,broad_coverage,candidate_screening
02162500,2,EastHghlnds,65.0,35.84394250513347,TIER1_HIGH_QUALITY,2.8840206439550964,0.035,0.5046256321697299,False,EastHghlnds,nonreference,short,EastHghlnds|TIER1_HIGH_QUALITY|nonreference|short,broad_coverage,candidate_screening
02454055,3,EastHghlnds,31.3,29.3305954825462,TIER2_ACCEPTABLE_QUALITY,2.5693516675491224,0.03,0.5733253667928035,False,EastHghlnds,nonreference,short,EastHghlnds|TIER2_ACCEPTABLE_QUALITY|nonreference|short,broad_coverage,candidate_screening
03456500,2,EastHghlnds,61.8,45.99863107460643,TIER1_HIGH_QUALITY,2.125243721368478,0.109,0.3692026636808297,True,EastHghlnds,reference,medium,EastHghlnds|TIER1_HIGH_QUALITY|reference|medium,broad_coverage,candidate_screening
03539778,1,EastHghlnds,31.1,28.750171115674195,TIER2_ACCEPTABLE_QUALITY,2.6446079411403782,0.102,0.5116633211047277,True,EastHghlnds,reference,short,EastHghlnds|TIER2_ACCEPTABLE_QUALITY|reference|short,broad_coverage,candidate_screening
06921070,3,EastHghlnds,34.1,45.99863107460643,TIER1_HIGH_QUALITY,2.852837285623089,0.0819999999999999,0.7100302329717233,True,EastHghlnds,reference,long,EastHghlnds|TIER1_HIGH_QUALITY|reference|long,broad_coverage,candidate_screening
06930000,3,EastHghlnds,31.0,45.99863107460643,TIER2_ACCEPTABLE_QUALITY,3.1543935379569974,0.102,0.6959152798789713,True,EastHghlnds,reference,long,EastHghlnds|TIER2_ACCEPTABLE_QUALITY|reference|long,broad_coverage,candidate_screening
06934000,3,EastHghlnds,30.3,39.2498288843258,TIER1_HIGH_QUALITY,3.917237603253997,0.098,0.7073543973354937,True,EastHghlnds,reference,short,EastHghlnds|TIER1_HIGH_QUALITY|reference|short,broad_coverage,candidate_screening
07039500,2,EastHghlnds,29.8,45.99863107460643,TIER2_ACCEPTABLE_QUALITY,3.526936022134403,0.106,0.6699864956110736,False,EastHghlnds,nonreference,long,EastHghlnds|TIER2_ACCEPTABLE_QUALITY|nonreference|long,broad_coverage,candidate_screening
07196000,5,EastHghlnds,45.6,45.99863107460643,TIER1_HIGH_QUALITY,2.475464885765662,0.051,0.6907191048214579,False,EastHghlnds,nonreference,long,EastHghlnds|TIER1_HIGH_QUALITY|nonreference|long,broad_coverage,candidate_screening
04043050,1,MxWdShld,56.1,45.99863107460643,TIER1_HIGH_QUALITY,1.8843404471954843,0.363,0.6322299446342327,True,MxWdShld,reference,medium,MxWdShld|TIER1_HIGH_QUALITY|reference|medium,broad_coverage,candidate_screening
04066500,1,MxWdShld,63.3,25.582477754962355,TIER2_ACCEPTABLE_QUALITY,2.819615654011533,0.235,0.706608939258882,True,MxWdShld,reference,short,MxWdShld|TIER2_ACCEPTABLE_QUALITY|reference|short,broad_coverage,candidate_screening
04071765,1,MxWdShld,62.0,37.24845995893224,TIER2_ACCEPTABLE_QUALITY,3.398443498303485,0.228,0.7046798029556651,False,MxWdShld,nonreference,short,MxWdShld|TIER2_ACCEPTABLE_QUALITY|nonreference|short,broad_coverage,candidate_screening
04142000,2,MxWdShld,67.3,45.99863107460643,TIER1_HIGH_QUALITY,2.9370110866903367,0.256,0.7378703583904773,False,MxWdShld,nonreference,medium,MxWdShld|TIER1_HIGH_QUALITY|nonreference|medium,broad_coverage,candidate_screening
05127000,3,MxWdShld,51.7,45.91375770020534,TIER1_HIGH_QUALITY,3.534543902953911,0.235,0.702947539210384,False,MxWdShld,nonreference,short,MxWdShld|TIER1_HIGH_QUALITY|nonreference|short,broad_coverage,candidate_screening
05357335,1,MxWdShld,62.4,34.6694045174538,TIER1_HIGH_QUALITY,2.4117223758550432,0.22,0.6536738893596417,True,MxWdShld,reference,short,MxWdShld|TIER1_HIGH_QUALITY|reference|short,broad_coverage,candidate_screening
01055500,1,NorthEast,53.1,45.74674880219028,TIER2_ACCEPTABLE_QUALITY,2.6429618438671265,0.357,0.5099197601622432,False,NorthEast,nonreference,short,NorthEast|TIER2_ACCEPTABLE_QUALITY|nonreference|short,broad_coverage,candidate_screening
01117370,1,NorthEast,64.7,27.249828884325805,TIER2_ACCEPTABLE_QUALITY,1.7030969770852638,0.257,0.5128265845765254,True,NorthEast,reference,short,NorthEast|TIER2_ACCEPTABLE_QUALITY|reference|short,broad_coverage,candidate_screening
01117500,2,NorthEast,66.6,45.99863107460643,TIER1_HIGH_QUALITY,2.41570268402185,0.25,0.505464480874317,False,NorthEast,nonreference,short,NorthEast|TIER1_HIGH_QUALITY|nonreference|short,broad_coverage,candidate_screening
01375000,2,NorthEast,49.1,45.99863107460643,TIER1_HIGH_QUALITY,2.9912375976381527,0.221,0.5148507173322994,False,NorthEast,nonreference,medium,NorthEast|TIER1_HIGH_QUALITY|nonreference|medium,broad_coverage,candidate_screening
01391000,2,NorthEast,47.5,45.99863107460643,TIER2_ACCEPTABLE_QUALITY,1.6262571966385022,0.193,0.528668310727497,False,NorthEast,nonreference,medium,NorthEast|TIER2_ACCEPTABLE_QUALITY|nonreference|medium,broad_coverage,candidate_screening
01471875,1,NorthEast,50.2,32.24914442162902,TIER1_HIGH_QUALITY,2.1705081369338357,0.196,0.5600263309470913,True,NorthEast,reference,short,NorthEast|TIER1_HIGH_QUALITY|reference|short,broad_coverage,candidate_screening
01552500,1,NorthEast,38.3,45.99863107460643,TIER1_HIGH_QUALITY,1.7827477335155146,0.2789999999999999,0.457061457061457,True,NorthEast,reference,medium,NorthEast|TIER1_HIGH_QUALITY|reference|medium,broad_coverage,candidate_screening
01309500,2,SECstPlain,76.4,45.99863107460643,TIER2_ACCEPTABLE_QUALITY,1.9752231131945384,0.176,0.5792063236005808,False,SECstPlain,nonreference,medium,SECstPlain|TIER2_ACCEPTABLE_QUALITY|nonreference|medium,broad_coverage,candidate_screening
01485000,3,SECstPlain,60.9,45.99863107460643,TIER1_HIGH_QUALITY,2.1397059635193507,0.09,0.6806173162437875,True,SECstPlain,reference,medium,SECstPlain|TIER1_HIGH_QUALITY|reference|medium,broad_coverage,candidate_screening
02232200,5,SECstPlain,40.1,45.99863107460643,TIER1_HIGH_QUALITY,1.7568589027232515,0.0,0.8761759082217973,False,SECstPlain,nonreference,medium,SECstPlain|TIER1_HIGH_QUALITY|nonreference|medium,broad_coverage,candidate_screening
02298488,5,SECstPlain,29.0,27.02258726899384,TIER2_ACCEPTABLE_QUALITY,1.844204957426492,0.0,0.8620587142326274,True,SECstPlain,reference,short,SECstPlain|TIER2_ACCEPTABLE_QUALITY|reference|short,broad_coverage,candidate_screening
02306774,7,SECstPlain,34.3,40.24914442162902,TIER1_HIGH_QUALITY,1.723930755198743,0.0,0.9016367887763056,False,SECstPlain,nonreference,short,SECstPlain|TIER1_HIGH_QUALITY|nonreference|short,broad_coverage,candidate_screening
02312762,2,SECstPlain,57.1,24.249144421629023,TIER2_ACCEPTABLE_QUALITY,3.613913670007457,0.0,0.8619795638249201,False,SECstPlain,nonreference,short,SECstPlain|TIER2_ACCEPTABLE_QUALITY|nonreference|short,broad_coverage,candidate_screening
02324000,5,SECstPlain,54.4,45.91649555099247,TIER1_HIGH_QUALITY,2.898189660374344,0.0,0.7297485547119873,True,SECstPlain,reference,short,SECstPlain|TIER1_HIGH_QUALITY|reference|short,broad_coverage,candidate_screening
07376500,5,SECstPlain,33.0,45.99863107460643,TIER1_HIGH_QUALITY,2.3121604245509717,0.0,0.6014557074383099,True,SECstPlain,reference,long,SECstPlain|TIER1_HIGH_QUALITY|reference|long,broad_coverage,candidate_screening
08068740,1,SECstPlain,11.0,45.99863107460643,TIER1_HIGH_QUALITY,2.520987624314478,0.0,0.9260157671315948,False,SECstPlain,nonreference,long,SECstPlain|TIER1_HIGH_QUALITY|nonreference|long,broad_coverage,candidate_screening
08076500,5,SECstPlain,18.1,45.99863107460643,TIER2_ACCEPTABLE_QUALITY,1.8730117766846353,0.0,0.8351648351648352,False,SECstPlain,nonreference,long,SECstPlain|TIER2_ACCEPTABLE_QUALITY|nonreference|long,broad_coverage,candidate_screening
01580000,2,SEPlains,63.5,45.99863107460643,TIER1_HIGH_QUALITY,2.3880478888284355,0.155,0.619404938487043,True,SEPlains,reference,medium,SEPlains|TIER1_HIGH_QUALITY|reference|medium,broad_coverage,candidate_screening
01672500,2,SEPlains,43.2,45.99863107460643,TIER2_ACCEPTABLE_QUALITY,3.009913839757248,0.093,0.6963108180360007,False,SEPlains,nonreference,medium,SEPlains|TIER2_ACCEPTABLE_QUALITY|nonreference|medium,broad_coverage,candidate_screening
02172300,2,SEPlains,61.7,30.250513347022583,TIER2_ACCEPTABLE_QUALITY,1.6065178669219682,0.01,0.7442933462846041,False,SEPlains,nonreference,short,SEPlains|TIER2_ACCEPTABLE_QUALITY|nonreference|short,broad_coverage,candidate_screening
02218300,3,SEPlains,59.0,45.99863107460643,TIER1_HIGH_QUALITY,3.3873773668920837,0.025,0.6649969641772921,False,SEPlains,nonreference,medium,SEPlains|TIER1_HIGH_QUALITY|nonreference|medium,broad_coverage,candidate_screening
02344350,3,SEPlains,45.8,40.65160848733744,TIER1_HIGH_QUALITY,2.5187218250491674,0.02,0.6886887664001243,False,SEPlains,nonreference,short,SEPlains|TIER1_HIGH_QUALITY|nonreference|short,broad_coverage,candidate_screening
03436690,3,SEPlains,43.1,45.24845995893224,TIER2_ACCEPTABLE_QUALITY,2.425710250149489,0.073,0.5971275206731467,True,SEPlains,reference,short,SEPlains|TIER2_ACCEPTABLE_QUALITY|reference|short,broad_coverage,candidate_screening
03588500,3,SEPlains,45.2,45.99863107460643,TIER2_ACCEPTABLE_QUALITY,2.95453628265668,0.051,0.5321877065432915,True,SEPlains,reference,medium,SEPlains|TIER2_ACCEPTABLE_QUALITY|reference|medium,broad_coverage,candidate_screening
07346000,5,SEPlains,25.1,45.99863107460643,TIER2_ACCEPTABLE_QUALITY,3.3601748200931056,0.01,0.8135999339006859,False,SEPlains,nonreference,long,SEPlains|TIER2_ACCEPTABLE_QUALITY|nonreference|long,broad_coverage,candidate_screening
08013000,3,SEPlains,31.6,45.99863107460643,TIER1_HIGH_QUALITY,3.111830221140573,0.0,0.6496383658043917,True,SEPlains,reference,long,SEPlains|TIER1_HIGH_QUALITY|reference|long,broad_coverage,candidate_screening
08023080,5,SEPlains,13.0,45.973990417522245,TIER1_HIGH_QUALITY,2.273251353668724,0.01,0.7337623466028136,True,SEPlains,reference,short,SEPlains|TIER1_HIGH_QUALITY|reference|short,broad_coverage,candidate_screening
08070500,7,SEPlains,25.9,45.99863107460643,TIER1_HIGH_QUALITY,2.436005127072191,0.0,0.8348310139165009,False,SEPlains,nonreference,long,SEPlains|TIER1_HIGH_QUALITY|nonreference|long,broad_coverage,candidate_screening
10164500,5,WestMnts,78.3,45.99863107460643,TIER2_ACCEPTABLE_QUALITY,2.1216976935719,0.58,0.5037157691133055,False,WestMnts,nonreference,long,WestMnts|TIER2_ACCEPTABLE_QUALITY|nonreference|long,broad_coverage,candidate_screening
11230500,21,WestMnts,70.2,44.747433264887064,TIER1_HIGH_QUALITY,2.132035438327499,0.884,0.27246628969117,True,WestMnts,reference,short,WestMnts|TIER1_HIGH_QUALITY|reference|short,broad_coverage,candidate_screening
12115000,5,WestMnts,57.0,45.99863107460643,TIER1_HIGH_QUALITY,2.0119846652680775,0.534,0.1683531635716668,True,WestMnts,reference,long,WestMnts|TIER1_HIGH_QUALITY|reference|long,broad_coverage,candidate_screening
12210900,3,WestMnts,55.7,27.249828884325805,TIER2_ACCEPTABLE_QUALITY,1.409696478217953,0.1969999999999999,0.3395447508743765,False,WestMnts,nonreference,short,WestMnts|TIER2_ACCEPTABLE_QUALITY|nonreference|short,broad_coverage,candidate_screening
14211550,7,WestMnts,46.7,36.69267624914442,TIER1_HIGH_QUALITY,2.137765420057342,0.1,0.4983245215578227,False,WestMnts,nonreference,short,WestMnts|TIER1_HIGH_QUALITY|nonreference|short,broad_coverage,candidate_screening
14359000,10,WestMnts,69.9,45.99863107460643,TIER1_HIGH_QUALITY,3.725129688513922,0.3229999999999999,0.5404404599493277,False,WestMnts,nonreference,long,WestMnts|TIER1_HIGH_QUALITY|nonreference|long,broad_coverage,candidate_screening
